番号,161
名前,蟒蛇
呼び名,蟒蛇

CSTR,1,蟒蛇
CSTR,3,ウワバミ
CSTR,4,ウワバミ
CSTR,6,ウワバミ
CSTR,7,ウワバミ
CSTR,8,
CSTR,99,蟒蛇

基礎,体力,2400
基礎,気力,1400
基礎,精神力,2100

素質,性別,0
素質,成長型,5
素質,陰毛現在値,6
素質,陰毛目標値,6
素質,腋毛現在値,6
素質,腋毛目標値,6
素質,性的嗜好,9
素質,Ｖ締まり,950
素質,Ａ締まり,950
素質,髪色,0xfcfdfc
素質,髪の長さ,3
素質,体格,2
素質,体型,2
素質,バストサイズ,0
素質,ヒップサイズ,1
素質,生意気,1
素質,好奇心,1
素質,楽観的,1
素質,解放,1
素質,Ｂ鈍感,1
素質,Ａ敏感,1
素質,酒豪,1

能力,武闘,45
能力,防衛,26
能力,知略,36
能力,政治,44
能力,歌唱,18
能力,料理,27
能力,野心,61
能力,性知識,3
能力,欲望,3
能力,性技,1
能力,露出,1
能力,肝臓,8

経験,絶頂経験,3

相性,87,50
