番号,142
名前,エタニティラルバ
呼び名,エタニティラルバ

CSTR,1,エタニティラルバ
CSTR,3,エタニティラルバ
CSTR,4,エタニティラルバ
CSTR,6,エタニティラルバ
CSTR,7,エタニティラルバ
CSTR,8,妖精
CSTR,98,ラルバ
CSTR,99,エタニティラルバ

基礎,体力,2500
基礎,気力,1500
基礎,精神力,2700

素質,性別,1
素質,成長型,0
素質,陰毛現在値,0
素質,陰毛目標値,0
素質,腋毛現在値,0
素質,腋毛目標値,0
素質,性的嗜好,8
素質,Ｖ締まり,950
素質,Ａ締まり,950
素質,髪色,0x7cd3ff
素質,髪の長さ,3
素質,体格,-2
素質,体型,0
素質,バストサイズ,0
素質,ヒップサイズ,-1
素質,処女,1
素質,キス未経験,1
素質,アナル処女,1
素質,素直,1
素質,好奇心,1
素質,解放,1
素質,Ｃ敏感,1
素質,Ｂ敏感,1
素質,Ａ鈍感,1
素質,Ｕ敏感,1

能力,武闘,24
能力,防衛,27
能力,知略,27
能力,政治,28
能力,歌唱,46
能力,料理,18
能力,野心,41
能力,性知識,1
能力,Ｂ感,1
能力,肝臓,1

経験,絶頂経験,1

相性,5,150
