番号,162
名前,抗鬱薬
呼び名,抗鬱薬

CSTR,1,抗鬱薬
CSTR,3,コウウツヤク
CSTR,4,コウウツヤク
CSTR,6,コウウツヤク
CSTR,7,コウウツヤク
CSTR,8,
CSTR,99,抗鬱薬

基礎,体力,2200
基礎,気力,1100
基礎,精神力,1700

素質,性別,0
素質,成長型,2
素質,陰毛現在値,6
素質,陰毛目標値,6
素質,腋毛現在値,4
素質,腋毛目標値,4
素質,性的嗜好,1
素質,Ｖ締まり,950
素質,Ａ締まり,950
素質,髪色,0x222222
素質,髪の長さ,3
素質,体格,1
素質,体型,-2
素質,バストサイズ,0
素質,ヒップサイズ,0
素質,臆病,1
素質,悲観的,1
素質,一線越えない,1
素質,抑圧,1
素質,習得早い,1
素質,下戸,1

能力,武闘,17
能力,防衛,30
能力,知略,44
能力,政治,51
能力,歌唱,31
能力,料理,11
能力,野心,21
能力,性知識,3
能力,欲望,1
能力,肝臓,2

経験,絶頂経験,5

相性,28,130
相性,29,130
