番号,125
名前,理香子
呼び名,理香子

CSTR,0,朝倉
CSTR,1,理香子
CSTR,3,リカコ
CSTR,4,リカコ
CSTR,5,アサクラ
CSTR,6,リカコ
CSTR,7,リカコ
CSTR,8,人間
CSTR,99,理香子

基礎,体力,2300
基礎,気力,1300
基礎,精神力,2500

素質,性別,1
素質,成長型,6
素質,陰毛現在値,4
素質,陰毛目標値,4
素質,腋毛現在値,1
素質,腋毛目標値,1
素質,性的嗜好,9
素質,Ｖ締まり,850
素質,Ａ締まり,950
素質,髪色,0xBA55D3
素質,髪の長さ,6
素質,体格,0
素質,体型,0
素質,バストサイズ,0
素質,ヒップサイズ,0
素質,処女,1
素質,キス未経験,1
素質,気丈,1
素質,プライド高い,1
素質,好奇心,1
素質,一線越えない,1
素質,貞操観念,1
素質,痛みに弱い,1
素質,習得遅い,1
素質,自慰しやすい,1
素質,中毒しやすい,1
素質,Ｃ敏感,1
素質,Ａ鈍感,1
素質,技師,1
素質,キャラ区分,1
素質,アナル処女,1
素質,Ｕ敏感,1

能力,武闘,43
能力,防衛,39
能力,知略,63
能力,政治,37
能力,歌唱,30
能力,料理,42
能力,野心,43
能力,性知識,4
能力,Ｃ感,2
能力,Ａ感,1
能力,Ｂ感,1
能力,欲望,2
能力,性技,1
能力,奉仕,1
能力,レズ,1
能力,露出,1
能力,自慰,2
能力,マゾ,1
能力,肝臓,3

経験,絶頂経験,10

相性,102,200
相性,123,150
