番号,136
名前,クラウンピース
呼び名,クラウンピース

CSTR,1,クラウンピース
CSTR,3,クラウンピース
CSTR,4,クラウンピース
CSTR,6,クラウンピース
CSTR,7,クラウンピース
CSTR,8,妖精
CSTR,99,クラウンピース

基礎,体力,2900
基礎,気力,1500
基礎,精神力,2800

素質,性別,1
素質,成長型,4
素質,陰毛現在値,1
素質,陰毛目標値,1
素質,腋毛現在値,0
素質,腋毛目標値,0
素質,性的嗜好,10
素質,Ｖ締まり,350
素質,Ａ締まり,350
素質,髪色,0xFFFF00
素質,髪の長さ,5
素質,体格,-2
素質,体型,0
素質,バストサイズ,0
素質,ヒップサイズ,1
素質,反抗的,1
素質,生意気,1
素質,好奇心,1
素質,楽観的,1
素質,目立ちたがり,1
素質,貞操無頓着,1
素質,解放,1
素質,恥薄い,1
素質,習得遅い,1
素質,汚臭鈍感,1
素質,快感に素直,1
素質,倒錯的,1
素質,Ｓ気質,1
素質,Ｖ敏感,1
素質,Ａ敏感,1
素質,幼稚,1
素質,妖術知識,1
素質,美脚,1
素質,アナル処女,1
素質,Ｕ敏感,1

能力,武闘,73
能力,防衛,18
能力,知略,33
能力,政治,2
能力,歌唱,40
能力,妖術,20
能力,料理,15
能力,野心,64
能力,性知識,4
能力,Ｃ感,2
能力,Ｖ感,2
能力,Ａ感,1
能力,Ｂ感,2
能力,Ｍ感,3
能力,欲望,3
能力,性技,2
能力,奉仕,1
能力,性交,2
能力,露出,1
能力,自慰,2
能力,精愛,1
能力,サド,3
能力,肝臓,2

経験,絶頂経験,20
経験,苦痛快楽経験,12
経験,緊縛経験,3
経験,キス経験,5
経験,口淫経験,5
経験,膣内射精経験,6
経験,口内射精経験,2
経験,Ｖ性交経験,13
経験,異常経験,100

相性,137,120
相性,138,120
相性,5,120
相性,47,120
相性,46,120
相性,45,120
相性,142,120
