番号,46
名前,ルナチャイルド
呼び名,ルナチャイルド

CSTR,1,ルナチャイルド
CSTR,3,ルナチャイルド
CSTR,4,ルナチャイルド
CSTR,6,ルナチャイルド
CSTR,7,ルナチャイルド
CSTR,8,妖精
CSTR,98,ルナ
CSTR,99,ルナチャイルド

基礎,体力,2200
基礎,気力,1200
基礎,精神力,1800

素質,性別,1
素質,成長型,6
素質,陰毛現在値,0
素質,陰毛目標値,0
素質,腋毛現在値,0
素質,腋毛目標値,0
素質,性的嗜好,8
素質,Ｖ締まり,950
素質,Ａ締まり,950
素質,髪色,0xFFFF00
素質,髪の長さ,4
素質,体格,-2
素質,体型,1
素質,バストサイズ,-1
素質,ヒップサイズ,0
素質,処女,1
素質,キス未経験,1
素質,大人しい,1
素質,プライド低い,1
素質,好奇心,1
素質,悲観的,1
素質,痛みに弱い,1
素質,自慰しやすい,1
素質,人気,1
素質,幼稚,1
素質,アナル処女,1
素質,Ｕ敏感,1

能力,武闘,21
能力,防衛,37
能力,知略,19
能力,政治,29
能力,歌唱,17
能力,料理,28
能力,野心,44
能力,性知識,1
能力,Ｂ感,1
能力,レズ,2
能力,肝臓,1


相性,1,150
相性,5,120
相性,45,150
相性,47,150
相性,136,110
