番号,61
名前,さとり
呼び名,さとり

CSTR,0,古明地
CSTR,1,さとり
CSTR,3,サトリ
CSTR,4,サトリ
CSTR,5,コメイジ
CSTR,6,サトリ
CSTR,7,サトリ
CSTR,8,妖怪
CSTR,99,さとり

基礎,体力,1900
基礎,気力,2000
基礎,精神力,2800

素質,性別,1
素質,成長型,2
素質,陰毛現在値,1
素質,陰毛目標値,1
素質,腋毛現在値,0
素質,腋毛目標値,0
素質,性的嗜好,12
素質,Ｖ締まり,850
素質,Ａ締まり,850
素質,髪色,0xFF00FF
素質,髪の長さ,3
素質,体格,-2
素質,体型,0
素質,バストサイズ,-1
素質,ヒップサイズ,0
素質,処女,1
素質,キス未経験,1
素質,プライド高い,1
素質,無関心,1
素質,一線越えない,1
素質,貞操無頓着,1
素質,習得早い,1
素質,自慰しやすい,1
素質,倒錯的,1
素質,男嫌い,1
素質,Ｓ気質,1
素質,Ｍ気質,1
素質,妖術知識,1
素質,アナル処女,1
素質,Ｕ敏感,1

能力,武闘,51
能力,防衛,49
能力,知略,86
能力,政治,82
能力,歌唱,12
能力,妖術,21
能力,料理,21
能力,野心,63
能力,性知識,4
能力,Ａ感,1
能力,Ｂ感,1
能力,Ｍ感,2
能力,欲望,1
能力,性技,2
能力,奉仕,1
能力,レズ,3
能力,自慰,2
能力,サド,2
能力,マゾ,2
能力,肝臓,3
能力,催眠,4

経験,絶頂経験,4
経験,異常経験,1

相性,62,200
相性,63,150
相性,64,200
