番号,124
名前,カナ
呼び名,カナ

CSTR,0,アナベラル
CSTR,1,カナ
CSTR,3,カナ
CSTR,4,カナ
CSTR,5,アナベラル
CSTR,6,カナ
CSTR,7,カナ
CSTR,8,騒霊
CSTR,99,カナ

基礎,体力,2400
基礎,気力,1400
基礎,精神力,1900

素質,性別,1
素質,成長型,2
素質,陰毛現在値,4
素質,陰毛目標値,4
素質,腋毛現在値,1
素質,腋毛目標値,1
素質,性的嗜好,1
素質,Ｖ締まり,850
素質,Ａ締まり,850
素質,髪色,0xFFFF00
素質,髪の長さ,4
素質,体格,0
素質,体型,0
素質,バストサイズ,0
素質,ヒップサイズ,1
素質,処女,1
素質,キス未経験,1
素質,反抗的,1
素質,ツンデレ,1
素質,好奇心,1
素質,目立ちたがり,1
素質,貞操無頓着,1
素質,濡れやすい,1
素質,快感に素直,1
素質,小悪魔,1
素質,Ｂ鈍感,1
素質,キャラ区分,1
素質,アナル処女,1
素質,姓名逆転,1
素質,Ｕ敏感,1

能力,武闘,54
能力,防衛,41
能力,知略,58
能力,政治,39
能力,歌唱,24
能力,料理,12
能力,野心,45
能力,性知識,1
能力,Ｃ感,1
能力,Ｂ感,1
能力,奉仕,1
能力,肝臓,3


相性,1,120
相性,16,150
相性,17,150
相性,18,150
相性,129,150
