番号,98
名前,針妙丸
呼び名,針妙丸

CSTR,0,少名
CSTR,1,針妙丸
CSTR,3,シンミョウマル
CSTR,4,シンミョウマル
CSTR,5,スクナ
CSTR,6,シンミョウマル
CSTR,7,シンミョウマル
CSTR,8,小人
CSTR,99,針妙丸

基礎,体力,2200
基礎,気力,1300
基礎,精神力,2600

素質,性別,1
素質,成長型,9
素質,陰毛現在値,0
素質,陰毛目標値,0
素質,腋毛現在値,0
素質,腋毛目標値,0
素質,性的嗜好,1
素質,Ｖ締まり,950
素質,Ａ締まり,950
素質,髪色,0x5882FA
素質,髪の長さ,3
素質,体格,-2
素質,体型,0
素質,バストサイズ,-1
素質,ヒップサイズ,-1
素質,処女,1
素質,キス未経験,1
素質,気丈,1
素質,生意気,1
素質,好奇心,1
素質,目立ちたがり,1
素質,貞操観念,1
素質,快感に素直,1
素質,Ｃ敏感,1
素質,アナル処女,1
素質,Ｕ敏感,1

能力,武闘,63
能力,防衛,54
能力,知略,55
能力,政治,65
能力,歌唱,22
能力,料理,15
能力,野心,58
能力,性知識,2
能力,Ｃ感,1
能力,Ｂ感,2
能力,Ｍ感,1
能力,奉仕,2
能力,レズ,2
能力,肝臓,2


相性,1,120
相性,97,150
相性,100,80
相性,23,80
相性,60,80
相性,80,80
