0,Ｃ感経験値
1,Ｖ感経験値
2,Ａ感経験値
3,Ｂ感経験値
4,Ｍ感経験値
5,Ｕ感経験値

10,奉仕経験値
11,性交経験値
12,レズ経験値
13,ＢＬ経験値
14,露出経験値
15,自慰経験値
16,精愛経験値
17,射精経験値
18,噴乳経験値
19,排泄経験値
20,触手経験値
21,出産経験値
22,肝臓経験値
23,嗜虐経験値
24,被虐経験値
25,催眠経験値
30,性技経験値
31,欲望経験値
;32,衣装嗜好経験値

40,絶頂経験,;絶頂時の気力消費を軽減
41,苦痛快楽経験,;苦痛による体力消耗を軽減
42,Ｖ拡張経験
43,Ａ拡張経験
44,緊縛経験
45,膣内射精経験
46,腸内射精経験
47,口内射精経験
48,Ｕ開発経験
50,デート経験
51,キス経験
52,口淫経験
53,ＮＴＲ経験

55,おもらし経験
56,トラウマ経験
57,出産経験
58,触手出産経験
59,夜這い経験
60,異常経験
61,輪姦経験
62,獣姦経験
63,売春経験
64,撮影経験
65,近親相姦経験
66,被催眠経験
67,孕ませ経験
68,妊娠経験
69,催眠絶頂経験
70,武闘経験値
71,防衛経験値
72,知略経験値
73,政治経験値
74,妖術経験値
80,歌唱経験値
81,料理経験値

;90～99は隠し経験値(イベントの傾向などに反映)
90,Ｖ挿入経験
91,Ｖ性交経験
92,Ａ挿入経験
93,Ａ性交経験
94,Ｕ挿入経験
95,性知識経験値
96,搾乳経験値
97,Ｕ性交経験
