0,愛撫
1,胸愛撫
2,クンニ
3,指挿入れ
4,アナル愛撫
5,泡踊り
6,尻尾挿入
7,尻尾Ａ挿入
8,アナル舐め
9,乳首吸い

10,手コキ
11,フェラチオ
12,パイズリ
13,素股
14,足コキ
15,尻コキ
16,オナホコキ
17,尻尾コキ
18,髪コキ
19,玉舐め

20,キス
21,貝合わせ
22,双頭バイブ
23,兜合わせ

24,指フェラ
25,二プルファック


30,正常位
31,後背位
32,対面座位
33,背面座位
34,騎乗位
35,背面騎乗位
36,二本挿入
37,側位
38,屈曲位
39,駅弁
52,背面駅弁
160,立ちバック

40,Ａ正常位
41,Ａ後背位
42,Ａ対面座位
43,Ａ背面座位
44,Ａ騎乗位
45,Ａ背面騎乗位
46,Ａ二本挿入
47,Ａ側位
48,Ａ屈曲位
49,Ａ駅弁
53,Ａ背面駅弁
161,Ａ立ちバック

50,ペニバン装着
51,酒恥肉倫
55,順番に挿入
56,順番にＡ挿入
57,代わる代わる挿入
58,代わる代わるＡ挿入

60,ローター
61,バイブ
62,アナルバイブ
63,クリキャップ
64,ニプルキャップ
65,Ｖ拡張バルーン
66,Ａ拡張バルーン
67,搾乳機
68,ペニバン口枷

70,ローション
71,媚薬
72,排卵誘発剤
73,絶倫丸
74,麻薬
75,コンドーム
76,桃源香
77,自家受精

80,脅す
81,スパンキング
82,鞭
83,針
84,目隠し
85,縄
86,口枷
87,フィストファック
88,アナルフィスト
89,平手打ち
90,イラマチオ
91,ピアシング
92,タトゥー
93,鼻フック
94,首絞め
97,腹パン
98,遠隔調教


100,自慰
101,顔面騎乗
102,Ａ顔面騎乗
103,電気按摩
104,足を舐める
105,Ｗ顔面騎乗
106,亀頭責め手コキ
107,亀頭責めフェラ
108,セルフ挿入
109,セルフＡ挿入
110,土下座
111,おねだり
112,露出プレイ
113,体毛管理
114,身体に落書き
115,ビデオ撮影
116,オナホ自慰
117,セルフフェラ
118,秘貝開帳
119,アナル開帳

130,放尿する
131,尿を掛ける
132,口内放尿
;135,脱糞する
140,利尿剤
141,浣腸
142,浣腸＆プラグ
150,放屁する
151,顔騎放屁

200,触手召喚
201,触手挿入
202,触手Ａ挿入
203,触手クリ責め
204,触手胸愛撫
205,触手オナホ
206,触手コキ
207,触手搾乳
208,触手緊縛
210,触手口辱
211,触手オナニー
212,触手産卵
213,触手Ａ産卵
214,触手乳腺開発

291,おまかせする
292,なにもしない
298,忠誠を誓わせる(逆調教),;逆調教専用
299,忠誠を誓わせる

;300～319 コミュニケーション系コマンド
300,会話
301,武術訓練
302,護身術
303,兵法学習
304,政務
305,警邏
306,歌唱訓練
307,料理
309,猥談
310,酒を飲む
311,蜂蜜水

320,スキンシップ
321,頭を撫でる
322,髪を梳く
323,櫛で梳かす
324,甘い言葉
325,見つめあう
326,お腹の音を聴く
330,日常フェラ
331,日常胸愛撫
332,日常手コキ
333,日常クリ愛撫

340,バードキス,
341,ソフトキス,
342,ディープキス,

351,食事
354,水浴び
355,泳ぐ
356,花冠を作る
357,狩りをする
358,背中を流す

390,二人で出掛ける
391,移動
392,帰る
393,なりゆきまかせ
398,告白する, ;こっちは調教中用
399,告白する, ;こっちは会いに行く用

500,武術を教える
501,護身術を教える
502,兵法を教える
503,政治を教える
504,歌の練習
505,料理を作る

550,性の知識を教える
551,自国に誘う
554,記憶を断ち切らせる
555,拉致
556,催眠術
557,不思議な懐中時計
